{
  "project_info": {
    "project_number": "438811509935",
    "project_id": "fiap-notas",
    "storage_bucket": "fiap-notas.appspot.com"
  },
  "client": [
    {
      "client_info": {
        "mobilesdk_app_id": "1:438811509935:android:6ee399b39e4a01acd8c05a",
        "android_client_info": {
          "package_name": "br.com.deyvidfernandes.fiapnotas"
        }
      },
      "oauth_client": [
        {
          "client_id": "438811509935-mic89122qfc4rh49gn51j3efp7vtclnm.apps.googleusercontent.com",
          "client_type": 3
        }
      ],
      "api_key": [
        {
          "current_key": "AIzaSyBB_9l5lkREQj8Laanj5Z6axnX8s5eix1k"
        }
      ],
      "services": {
        "appinvite_service": {
          "other_platform_oauth_client": [
            {
              "client_id": "438811509935-mic89122qfc4rh49gn51j3efp7vtclnm.apps.googleusercontent.com",
              "client_type": 3
            }
          ]
        }
      }
    }
  ],
  "configuration_version": "1"
}